city,Cloudiness,Country,Date,Humidity,Lat,Lng,Max Temp,Wind Speed
birao,77.0,CF,1612736959.0,28.0,10.2849,22.7882,17.56,2.53
kaeo,32.0,NZ,1612736961.0,76.0,-35.1,173.7833,20.56,3.13
attawapiskat,24.0,PF,1612736753.0,74.0,-9.8,-139.0333,26.46,9.33
atuona,25.0,AU,1612736950.0,85.0,-25.2986,152.8535,27.22,2.24
hervey bay,85.0,RU,1612736965.0,94.0,68.0531,39.5131,-14.28,5.01
ostrovnoy,0.0,MR,1612736966.0,33.0,20.5169,-13.0499,16.05,4.26
atar,40.0,PT,1612736967.0,73.0,32.6667,-17.1,14.44,2.24
ponta do sol,75.0,AU,1612736968.0,77.0,-35.35,150.4667,18.33,3.09
ulladulla,2.0,SO,1612736943.0,82.0,2.0371,45.3438,25.27,10.39
mogadishu,98.0,ZA,1612736960.0,96.0,-33.5906,26.891,19.44,4.42
port alfred,40.0,PT,1612736971.0,77.0,38.5167,-28.7,15.0,5.14
ribeira grande,0.0,BR,1612736897.0,75.0,-24.7911,-50.0119,17.56,1.38
castro,100.0,US,1612736798.0,63.0,42.6001,-73.9662,-1.67,1.79
albany,90.0,BR,1612736975.0,100.0,-21.6403,-41.0511,22.0,2.06
sao joao da barra,0.0,RU,1612736976.0,85.0,65.5833,-171.0,-22.76,3.58
lavrentiya,2.0,GL,1612736873.0,79.0,72.7868,-56.1549,-7.66,1.45
upernavik,97.0,PF,1612736978.0,72.0,-23.1203,-134.9692,25.36,5.87
rikitea,0.0,CL,1612736979.0,24.0,-53.15,-70.9167,22.0,6.17
punta arenas,1.0,US,1612736980.0,72.0,34.6391,-120.4579,18.33,6.69
lompoc,3.0,ZA,1612736962.0,82.0,-34.4187,19.2345,17.22,1.61
hermanus,90.0,US,1612736983.0,79.0,42.097,-79.2353,-10.0,5.14
jamestown,0.0,MX,1612736984.0,53.0,30.4833,-115.95,18.45,3.94
san quintin,0.0,ZA,1612736719.0,63.0,-33.9258,18.4232,19.44,7.72
cape town,100.0,RU,1612736986.0,90.0,63.05,179.3167,-16.55,6.96
beringovskiy,40.0,JP,1612736987.0,62.0,31.4583,131.2333,10.0,4.12
kushima,90.0,NO,1612736836.0,80.0,69.9689,23.2717,-3.89,6.69
alta,57.0,GL,1612736989.0,84.0,61.994,-49.6678,-2.76,4.53
paamiut,74.0,IE,1612736990.0,81.0,54.6333,-8.45,1.11,4.02
killybegs,100.0,LY,1612736991.0,27.0,30.7554,20.2263,20.09,9.01
ajdabiya,0.0,AR,1612736992.0,59.0,-54.8,-68.3,16.0,2.06
ushuaia,100.0,NZ,1612736882.0,76.0,-46.2817,169.8464,18.89,3.13
kaitangata,84.0,AU,1612736961.0,99.0,-33.65,115.3333,17.22,0.45
busselton,20.0,TH,1612736996.0,88.0,7.9178,98.3332,24.0,1.54
kathu,40.0,AU,1612736959.0,100.0,-24.8667,113.6333,24.0,4.12
carnarvon,1.0,US,1612736998.0,42.0,19.7297,-155.09,28.0,2.06
hilo,67.0,CN,1612736999.0,89.0,18.8003,110.3967,20.37,2.09
wanning,40.0,BJ,1612737000.0,84.0,6.4965,2.6036,29.0,5.66
porto novo,0.0,GL,1612737002.0,42.0,69.2167,-51.1,-6.0,7.2
ilulissat,98.0,NZ,1612736958.0,50.0,-46.1927,168.8643,19.52,1.38
mataura,100.0,PG,1612737005.0,76.0,-2.0226,147.2712,28.79,2.64
lorengau,20.0,US,1612737006.0,70.0,64.8569,-147.8028,-21.67,2.06
college,40.0,PL,1612737007.0,58.0,52.5988,15.897,-6.0,7.72
miedzychod,75.0,RO,1612737010.0,93.0,46.9667,22.3,7.22,0.51
varciorog,1.0,US,1612736829.0,68.0,71.2906,-156.7887,-32.0,4.63
barrow,20.0,CK,1612736964.0,74.0,-21.2078,-159.775,29.0,6.17
avarua,97.0,ID,1612737013.0,89.0,1.6833,101.45,23.34,1.59
dumai,1.0,US,1612737014.0,57.0,42.6073,-83.9294,-10.56,4.63
howell,75.0,TO,1612737016.0,94.0,-21.2,-175.2,26.0,6.69
vaini,33.0,CA,1612737017.0,62.0,60.8156,-115.7999,-34.0,3.6
hay river,37.0,RU,1612736996.0,86.0,71.6872,128.8694,-33.54,2.43
illoqqortoormiut,20.0,FO,1612737020.0,64.0,62.2266,-6.589,2.0,7.2
tiksi,22.0,IL,1612737021.0,91.0,31.61,34.7642,13.89,1.31
klaksvik,87.0,CD,1612737023.0,74.0,-5.041,18.8162,23.72,0.66
gat,75.0,JP,1612737024.0,49.0,35.1333,140.3,7.0,5.66
kikwit,75.0,AR,1612737012.0,51.0,-41.1456,-71.3082,20.0,3.09
katsuura,1.0,US,1612737027.0,81.0,40.5982,-124.1573,12.78,5.14
san carlos de bariloche,2.0,PF,1612737028.0,77.0,-16.4833,-151.75,27.37,5.66
belushya guba,100.0,LY,1612737029.0,17.0,29.1268,15.9477,23.16,7.48
fortuna,4.0,IN,1612737031.0,57.0,34.1667,77.5833,-11.54,0.59
faanui,1.0,US,1612736861.0,50.0,33.4918,-80.8557,12.22,3.09
hun,40.0,AU,1612736901.0,55.0,-42.8794,147.3294,15.0,8.23
leh,100.0,RU,1612737035.0,88.0,70.6333,147.9167,-27.24,3.85
lolua,100.0,BW,1612737036.0,93.0,-19.6667,22.2667,20.43,6.02
orangeburg,0.0,NA,1612736865.0,56.0,-26.6481,15.1594,20.52,13.16
hobart,58.0,AU,1612737038.0,75.0,-34.5833,150.8552,20.56,1.79
chokurdakh,99.0,NZ,1612737040.0,68.0,-46.6,168.3333,16.3,1.78
nokaneng,75.0,EC,1612736955.0,74.0,-0.7393,-90.3518,28.0,6.17
luderitz,9.0,AR,1612736940.0,51.0,-43.3002,-65.1023,16.19,6.18
flinders,20.0,MU,1612736983.0,74.0,-20.5167,57.5167,27.0,3.6
bluff,40.0,NO,1612737044.0,80.0,67.667,12.6934,-1.0,3.6
puerto ayora,0.0,IS,1612737045.0,69.0,63.8424,-22.4338,0.0,6.17
rawson,65.0,UY,1612737046.0,80.0,-33.6971,-53.4616,19.21,3.91
souillac,5.0,ZA,1612736799.0,77.0,-34.5322,20.0403,16.0,2.06
sorland,97.0,RU,1612737049.0,85.0,53.6039,91.3903,-11.0,1.82
grindavik,21.0,BO,1612737051.0,49.0,-22.038,-63.6797,25.81,1.37
chuy,10.0,CL,1612736996.0,83.0,-37.6167,-73.65,16.45,2.1
bredasdorp,0.0,OM,1612737053.0,72.0,22.5667,59.5289,17.63,1.75
belyy yar,0.0,BR,1612737054.0,83.0,-9.5972,-35.9567,26.0,4.63
bargal,100.0,CN,1612737055.0,90.0,27.6867,106.9072,9.65,1.27
yacuiba,20.0,CA,1612736774.0,61.0,62.456,-114.3525,-33.89,3.09
lebu,95.0,GL,1612737059.0,88.0,60.1432,-45.2371,-1.02,7.01
sur,60.0,AU,1612737060.0,67.0,-42.7826,147.0587,14.44,0.89
pilar,56.0,MV,1612736954.0,70.0,-0.6,73.0833,27.63,2.97
zunyi,75.0,CA,1612736938.0,68.0,69.4541,-133.0374,-33.0,8.23
vaitupu,100.0,ES,1612737065.0,92.0,42.7762,-9.0603,12.22,4.92
yellowknife,75.0,CA,1612736975.0,84.0,70.4692,-68.5914,-19.0,5.14
nanortalik,100.0,ID,1612736921.0,85.0,-6.8844,112.2051,25.83,5.09
new norfolk,92.0,BR,1612737069.0,70.0,-11.4553,-41.4361,23.7,0.31
amderma,100.0,ID,1612737070.0,77.0,1.7427,98.7792,24.46,1.76
hithadhoo,90.0,FR,1612737071.0,69.0,49.1162,-1.0903,2.0,4.63
tuktoyaktuk,49.0,VN,1612737072.0,100.0,11.9465,108.4419,13.0,1.32
taolanaro,0.0,PE,1612737073.0,83.0,-7.8447,-79.1469,23.0,4.12
muros,11.0,RU,1612737074.0,68.0,68.75,161.3,-18.33,1.27
clyde river,40.0,BR,1612737075.0,83.0,-9.9747,-67.81,28.0,2.06
labuhan,97.0,PG,1612737077.0,83.0,-3.5534,143.6268,26.12,2.65
america dourada,100.0,AU,1612737078.0,67.0,-38.2667,141.9667,14.76,5.79
sibolga,100.0,CA,1612736959.0,76.0,68.2191,-135.0107,-30.0,4.12
saint-lo,73.0,GL,1612736969.0,85.0,77.484,-69.3632,-10.28,3.34
da lat,99.0,GF,1612737020.0,82.0,5.3833,-52.95,25.63,6.6
chicama,3.0,BR,1612737083.0,92.0,-1.8283,-44.8683,24.34,1.41
cherskiy,0.0,CL,1612737054.0,43.0,-41.8697,-73.8203,23.89,2.24
rio branco,1.0,US,1612737085.0,52.0,33.8464,-118.0467,22.78,2.06
mys shmidta,40.0,US,1612737086.0,42.0,38.6105,-122.8692,20.56,2.57
wewak,20.0,US,1612737087.0,9.0,39.4735,-118.7774,16.0,2.06
codrington,52.0,ID,1612737088.0,83.0,5.1801,97.1507,24.91,1.88
aklavik,93.0,KI,1612736930.0,80.0,3.0707,172.7902,27.38,8.56
qaanaaq,13.0,UY,1612737092.0,88.0,-34.4833,-54.3333,17.5,2.73
sinnamary,100.0,KZ,1612737093.0,96.0,51.1,66.3167,-10.21,2.0
cururupu,13.0,NZ,1612737020.0,57.0,-35.1667,173.1667,22.46,4.06
ancud,90.0,RE,1612737029.0,69.0,-21.3585,55.7679,27.0,1.54
la palma,1.0,CA,1612736874.0,73.0,50.2334,-63.5986,-6.0,6.17
healdsburg,100.0,BR,1612737097.0,90.0,-17.7125,-39.2481,24.59,3.22
fallon,75.0,CA,1612737098.0,62.0,55.7435,-97.8558,-31.0,7.2
lhokseumawe,20.0,US,1612737099.0,57.0,20.8947,-156.47,25.0,4.12
butaritari,0.0,BF,1612737100.0,17.0,11.75,-2.9333,27.39,3.41
palabuhanratu,31.0,RU,1612737101.0,79.0,71.9167,114.0833,-38.4,5.79
rocha,0.0,NO,1612737103.0,52.0,61.9875,5.1352,-3.89,2.8
derzhavinsk,1.0,US,1612736892.0,48.0,57.79,-152.4072,2.0,2.18
ahipara,8.0,ID,1612737105.0,80.0,5.8933,95.3214,27.35,6.69
saint-philippe,75.0,AU,1612737063.0,83.0,-28.7667,114.6,20.0,4.12
havre-saint-pierre,90.0,PW,1612736838.0,94.0,7.0419,134.2556,25.0,3.09
caravelas,91.0,PH,1612737108.0,82.0,13.1514,122.9714,25.8,5.46
thompson,100.0,RU,1612737109.0,91.0,67.4667,78.7,-22.93,8.19
kahului,40.0,IT,1612737110.0,77.0,38.1933,15.5497,15.0,2.57
boromo,75.0,CA,1612737111.0,60.0,53.9166,-122.753,-13.89,2.06
saskylakh,1.0,US,1612737112.0,18.0,37.1041,-113.5841,18.33,2.51
raudeberg,28.0,CN,1612737115.0,55.0,36.6167,101.7667,-5.86,0.82
kodiak,61.0,RU,1612736905.0,81.0,64.3833,-173.3,-19.17,7.79
sabang,14.0,NZ,1612737117.0,84.0,-40.85,172.8,19.44,0.89
geraldton,75.0,PG,1612737118.0,94.0,-9.4431,147.1797,26.0,4.63
kloulklubed,0.0,RU,1612737119.0,62.0,56.49,84.8769,-7.78,9.0
busing,0.0,ZA,1612737013.0,72.0,-33.0117,17.9442,17.0,7.72
tazovskiy,18.0,AR,1612737121.0,56.0,-36.8927,-60.3225,20.34,9.81
messina,84.0,GN,1612737122.0,23.0,10.75,-11.1167,23.97,1.53
prince george,1.0,US,1612736950.0,56.0,22.0752,-159.319,24.44,2.57
saint george,100.0,PT,1612736930.0,94.0,40.1629,-8.3327,13.89,1.34
tsihombe,94.0,BO,1612737127.0,82.0,-15.5648,-68.0185,24.03,0.31
xining,91.0,ID,1612737128.0,81.0,-3.8004,102.2655,24.09,2.24
provideniya,20.0,PF,1612737129.0,70.0,-17.7333,-149.15,30.0,3.09
takaka,76.0,RU,1612737130.0,96.0,58.7372,29.8453,-13.37,2.38
port moresby,75.0,JP,1612737131.0,75.0,34.85,136.45,6.0,8.23
timiryazevskiy,20.0,MU,1612737132.0,74.0,-20.4081,57.7,27.0,3.6
saldanha,90.0,GB,1612737133.0,64.0,54.5924,-5.6909,2.0,8.23
olavarria,90.0,US,1612736947.0,86.0,41.1415,-73.3579,0.0,3.09
dabola,99.0,RU,1612737136.0,94.0,54.7021,78.661,-12.58,6.6
barentsburg,90.0,AU,1612736854.0,67.0,-37.8333,140.7667,14.0,4.63
kapaa,57.0,ID,1612737138.0,86.0,4.1363,96.1285,24.63,2.01
lata,35.0,MV,1612737139.0,70.0,2.6708,72.8944,27.39,7.32
tipuani,48.0,NZ,1612737140.0,51.0,-35.9333,173.8833,22.94,3.78
bengkulu,98.0,RU,1612737141.0,95.0,65.8167,87.9833,-11.98,8.18
tautira,0.0,BR,1612737142.0,71.0,-30.1811,-50.2056,21.68,3.74
laukaa,90.0,AR,1612737144.0,88.0,-38.0023,-57.5575,16.11,6.17
kameyama,50.0,ML,1612737146.0,21.0,11.0882,-6.8926,24.55,3.28
mahebourg,77.0,VE,1612737147.0,86.0,10.3399,-68.7425,22.22,2.46
newtownards,40.0,BR,1612737148.0,74.0,-12.7406,-60.1458,27.0,2.06
westport,100.0,DE,1612737149.0,42.0,53.372,10.5565,-5.0,0.89
zdvinsk,40.0,VE,1612737150.0,58.0,7.7669,-72.225,29.0,2.57
mount gambier,20.0,MU,1612737151.0,74.0,-20.3428,57.7575,27.0,3.6
meulaboh,5.0,CN,1612737126.0,86.0,22.5455,114.0683,20.0,1.68
kudahuvadhoo,6.0,AU,1612736943.0,73.0,-20.7377,116.8463,25.18,3.85
dargaville,75.0,ZA,1612737013.0,94.0,-33.918,25.5701,18.0,4.63
turukhansk,29.0,LK,1612737156.0,88.0,7.4167,81.8167,24.89,4.58
cidreira,20.0,ID,1612737158.0,94.0,-1.2675,116.8289,26.0,2.06
ondorhaan,53.0,CD,1612736960.0,65.0,0.0487,18.2603,25.32,1.05
mar del plata,75.0,JP,1612737161.0,87.0,35.5,134.2333,4.0,9.26
kolondieba,0.0,IN,1612737162.0,39.0,32.1667,76.2,12.42,1.79
san felipe,40.0,CU,1612737164.0,69.0,20.9625,-75.7186,28.0,6.17
vilhena,0.0,AU,1612737165.0,58.0,-34.2,142.15,16.67,5.14
lauenburg,63.0,TM,1612737166.0,74.0,39.5108,54.3671,7.95,4.01
san cristobal,50.0,NG,1612737168.0,22.0,9.5833,8.3,22.15,2.95
bambous virieux,90.0,CD,1612737169.0,30.0,3.8146,23.6866,18.94,0.73
kerki,90.0,RU,1612737170.0,85.0,73.5069,80.5464,-35.62,7.26
shenzhen,26.0,SB,1612737041.0,69.0,-10.4544,161.9205,29.37,3.39
karratha,0.0,RU,1612736974.0,79.0,71.9667,102.5,-34.29,4.76
port elizabeth,0.0,RU,1612737037.0,83.0,69.3833,178.4167,-25.97,3.41
kalmunai,85.0,MY,1612737175.0,100.0,1.2376,111.4621,24.0,0.35
balikpapan,0.0,RU,1612737176.0,87.0,48.6,133.8167,-24.65,4.24
saleaula,75.0,US,1612737177.0,33.0,39.1834,-84.5333,-5.0,2.57
mbandaka,20.0,JP,1612737055.0,67.0,28.3667,129.4833,15.0,2.57
tottori,20.0,MY,1612737167.0,83.0,5.4112,100.3354,27.22,2.72
yol,99.0,RU,1612737181.0,77.0,48.8177,40.0923,-9.63,2.02
yanan,58.0,SB,1612737182.0,67.0,-9.4333,159.95,29.68,3.03
banes,1.0,CA,1612737183.0,51.0,53.8251,-101.2541,-31.0,6.69
mildura,40.0,CA,1612737184.0,69.0,65.282,-126.8329,-30.0,2.06
balkanabat,43.0,EC,1612737185.0,71.0,-3.8278,-78.7594,25.41,0.71
kafanchan,0.0,BR,1612737186.0,83.0,-9.6658,-35.7353,26.0,4.63
bondo,100.0,ID,1612737187.0,87.0,-9.1061,124.8925,24.62,1.12
dikson,40.0,NO,1612737188.0,69.0,68.2342,14.5683,0.0,5.14
kirakira,1.0,US,1612737190.0,45.0,45.0205,-93.218,-19.0,3.09
sentyabrskiy,75.0,MG,1612737191.0,82.0,-19.9,48.8,25.86,4.14
khatanga,90.0,BG,1612737192.0,100.0,43.2167,27.9167,8.0,6.17
leningradskiy,96.0,US,1612737193.0,57.0,39.447,-86.1758,-10.0,2.39
sri aman,12.0,JP,1612737194.0,64.0,34.6667,138.95,6.11,0.45
smidovich,0.0,NA,1612737195.0,77.0,-28.55,16.4333,17.06,8.51
hamilton,0.0,PK,1612737196.0,33.0,29.1925,72.8536,15.01,2.07
naze,0.0,TR,1612737161.0,71.0,41.0351,28.9833,13.0,4.63
georgetown,23.0,MX,1612737071.0,52.0,18.6089,-90.7454,28.72,2.96
krasnovka,100.0,CV,1612737200.0,73.0,14.8961,-24.4956,20.76,5.84
honiara,95.0,PT,1612737201.0,74.0,39.05,-27.9833,14.54,7.88
the pas,87.0,BR,1612737203.0,79.0,-8.8978,-35.1478,26.04,4.21
norman wells,94.0,ZA,1612737204.0,84.0,-33.0153,27.9116,22.06,4.76
yantzaza,19.0,RU,1612736980.0,75.0,69.4865,88.3972,-28.86,1.16
maceio,100.0,BR,1612737206.0,97.0,-12.3857,-46.5711,20.6,0.77
atambua,90.0,US,1612736912.0,100.0,36.1867,-94.1288,2.22,2.57
svolvaer,20.0,CA,1612736961.0,69.0,47.6666,-52.7314,-1.11,12.86
saint anthony,1.0,US,1612737211.0,10.0,33.3317,-105.673,15.56,5.14
mahanoro,90.0,FR,1612737212.0,87.0,47.875,-3.9225,3.0,3.6
varna,82.0,VN,1612737213.0,83.0,10.346,107.0843,24.04,8.46
bud,40.0,RU,1612737214.0,68.0,55.0247,85.9436,-6.0,5.0
shimoda,85.0,NU,1612737010.0,70.0,-19.0595,-169.9187,30.0,5.66
oranjemund,68.0,RU,1612737217.0,86.0,42.4308,130.6434,-14.2,9.22
fort abbas,6.0,MX,1612737218.0,79.0,21.2833,-88.2667,25.68,5.8
istanbul,40.0,US,1612737219.0,62.0,33.194,-82.5271,12.0,2.57
escarcega,77.0,KZ,1612737220.0,88.0,45.3167,55.2,-3.73,6.88
sao filipe,90.0,US,1612737131.0,86.0,35.949,-85.0269,-1.67,2.06
lagoa,1.0,US,1612737223.0,37.0,37.2711,-87.1764,-1.11,2.06
bolungarvik,100.0,GB,1612737013.0,78.0,51.3813,1.3862,0.0,1.79
sao jose da coroa grande,100.0,RU,1612737129.0,91.0,60.0625,71.4789,-16.71,5.69
east london,21.0,RU,1612737226.0,90.0,62.8487,34.8262,-21.73,2.26
talnakh,0.0,PK,1612737227.0,35.0,26.6921,67.6133,14.03,1.05
taguatinga,100.0,LY,1612737229.0,25.0,29.0331,21.5482,19.52,7.42
springdale,0.0,CN,1612737230.0,88.0,47.25,127.0833,-27.64,1.89
torbay,100.0,RU,1612737232.0,77.0,46.1711,45.3435,-3.18,2.96
samusu,90.0,RE,1612737025.0,69.0,-21.3393,55.4781,27.0,1.54
ruidoso,40.0,BO,1612737235.0,51.0,-17.8,-63.1667,32.0,3.6
concarneau,23.0,AU,1612737236.0,88.0,-33.8667,121.9,17.0,3.6
vung tau,9.0,RU,1612737076.0,91.0,51.3223,42.7678,-22.23,4.06
plotnikovo,0.0,SV,1612737238.0,64.0,13.5928,-89.8275,27.95,2.8
alofi,75.0,AU,1612737239.0,78.0,-20.7333,139.5,27.0,4.63
ruatoria,1.0,US,1612737181.0,71.0,32.4488,-81.7832,11.0,3.58
khasan,57.0,RU,1612737241.0,84.0,44.6265,135.3532,-24.13,4.64
panaba,0.0,HK,1612737037.0,84.0,22.2855,114.1577,18.33,0.45
avera,40.0,CA,1612737000.0,75.0,55.1667,-118.8027,-33.0,1.54
beyneu,1.0,QA,1612737246.0,88.0,25.2142,50.8072,17.78,5.14
crossville,100.0,RU,1612737188.0,87.0,64.8989,45.7622,-29.8,3.31
morehead,40.0,BB,1612737145.0,65.0,13.0667,-59.5333,26.0,7.72
margate,20.0,CA,1612736997.0,44.0,66.1451,-65.7125,1.0,7.2
salym,1.0,US,1612737250.0,72.0,37.4636,-122.4286,19.44,6.69
povenets,100.0,ID,1612737138.0,80.0,0.1333,117.5,26.24,0.73
johi,100.0,NE,1612736985.0,19.0,18.7369,7.3853,20.55,1.58
nizhneyansk,14.0,VU,1612737047.0,66.0,-19.55,169.2667,27.79,2.16
jalu,78.0,CN,1612737254.0,75.0,40.2833,97.2,-2.36,3.46
suileng,0.0,GL,1612736981.0,46.0,65.6145,-37.6368,-3.0,8.23
chagda,2.0,CL,1612737257.0,78.0,-35.3333,-72.4167,16.86,3.19
yashkul,75.0,JP,1612737258.0,75.0,35.7333,140.8333,2.0,2.06
saint-pierre,90.0,AU,1612737259.0,78.0,-23.85,151.25,28.0,1.54
santa cruz,1.0,US,1612737260.0,51.0,29.6186,-95.5377,17.78,3.6
esperance,40.0,US,1612737261.0,30.0,57.0531,-135.33,2.0,3.09
kamenka,27.0,SO,1612737262.0,80.0,9.4942,50.8122,23.9,7.77
acajutla,83.0,RU,1612737263.0,91.0,54.5611,100.5792,-8.49,1.77
mount isa,20.0,MX,1612737264.0,74.0,15.85,-97.0667,29.0,2.06
statesboro,95.0,IN,1612737265.0,29.0,18.1667,76.05,17.72,6.04
krasnorechenskiy,1.0,US,1612737266.0,19.0,42.2068,-121.7372,11.0,3.6
victoria,0.0,SA,1612737267.0,76.0,29.9697,40.2064,10.0,1.17
ngukurr,11.0,RU,1612737269.0,83.0,49.6333,117.3167,-23.1,1.01
grande prairie,4.0,US,1612737154.0,58.0,37.7397,-121.4252,18.89,1.34
umm bab,40.0,RU,1612737271.0,80.0,56.1667,91.8167,0.0,4.0
leshukonskoye,16.0,IN,1612737272.0,71.0,10.5669,72.642,27.01,4.11
oistins,98.0,PG,1612737273.0,69.0,-10.6167,150.6667,29.25,1.84
pangnirtung,1.0,MX,1612737274.0,28.0,21.5167,-105.2667,28.0,3.09
half moon bay,18.0,MM,1612737275.0,98.0,22.9333,97.75,10.32,0.48
bontang,40.0,BB,1612737276.0,65.0,13.2167,-59.5167,26.0,7.72
arlit,75.0,JP,1612737277.0,86.0,40.8061,140.3861,-5.56,5.66
isangel,6.0,BR,1612737279.0,78.0,-23.8619,-49.1372,19.42,4.89
yumen,75.0,NO,1612737280.0,68.0,69.6496,18.957,-3.0,5.14
tasiilaq,90.0,CA,1612737281.0,70.0,51.2585,-80.6094,-23.0,4.12
constitucion,40.0,RU,1612737283.0,86.0,59.7035,30.7861,-9.0,6.0
hasaki,1.0,CA,1612737036.0,56.0,55.1001,-105.2842,-32.0,4.63
gladstone,75.0,IT,1612737285.0,100.0,39.1763,8.9718,12.22,3.6
missouri city,90.0,IS,1612737286.0,86.0,66.0449,-17.3389,-1.0,3.12
sitka,0.0,ML,1612737287.0,32.0,22.6783,-3.9836,15.78,3.47
bandarbeyla,20.0,PH,1612737288.0,83.0,14.3122,121.1114,25.0,0.51
tulun,100.0,BR,1612737289.0,97.0,-9.8756,-56.0861,21.66,0.62
puerto escondido,40.0,NO,1612737291.0,74.0,70.9821,25.9704,-4.0,14.4
osmanabad,20.0,SJ,1612737292.0,48.0,78.2186,15.6401,-9.0,7.2
altamont,31.0,GB,1612737045.0,73.0,51.0333,-4.2167,1.67,6.26
sakakah,100.0,KZ,1612737294.0,97.0,47.8043,67.7144,0.71,12.98
zabaykalsk,0.0,CN,1612737295.0,85.0,50.7833,121.5167,-30.48,1.29
tracy,75.0,GF,1612737007.0,78.0,4.9333,-52.3333,27.0,5.14
kedrovyy,99.0,RU,1612737297.0,97.0,65.7,82.4667,-8.15,5.16
kavaratti,90.0,CA,1612737298.0,74.0,63.7506,-68.5145,-1.0,6.69
samarai,100.0,RU,1612737299.0,83.0,54.7183,135.315,-21.97,11.14
san blas,40.0,NO,1612737301.0,86.0,63.7256,8.834,-5.0,4.12
lashio,99.0,PE,1612737302.0,71.0,-11.0964,-77.6139,23.24,4.84
bathsheba,40.0,RU,1612737281.0,82.0,62.6667,135.6,-35.86,0.89
kizukuri,75.0,CL,1612737174.0,82.0,-36.7167,-73.1167,17.0,3.09
itabera,29.0,RU,1612737030.0,90.0,50.6789,156.125,-6.47,5.98
tromso,0.0,MN,1612737306.0,83.0,45.7625,106.2708,-10.69,4.26
moose factory,20.0,US,1612737308.0,41.0,21.3469,-158.0858,26.0,3.6
aflu,95.0,PH,1612737309.0,83.0,12.4841,123.3827,25.85,7.66
nikolskoye,61.0,MA,1612737117.0,74.0,32.2994,-9.2372,14.26,2.61
la ronge,38.0,AR,1612737312.0,29.0,-33.295,-66.3356,28.38,3.27
capoterra,98.0,ZA,1612737313.0,90.0,-34.0033,24.7314,18.89,3.07
husavik,100.0,RU,1612737314.0,98.0,59.2353,163.0719,-1.55,9.93
taoudenni,91.0,MA,1612737315.0,85.0,29.5833,-9.5,10.76,1.32
santa rosa,33.0,PG,1612737037.0,67.0,-6.2167,155.6333,29.88,2.56
alta floresta,90.0,GB,1612737021.0,69.0,50.1544,-5.0711,2.78,10.8
honningsvag,40.0,BR,1612737185.0,73.0,-27.6146,-48.5012,25.0,7.2
longyearbyen,75.0,US,1612737029.0,93.0,38.9796,-76.5305,5.0,2.57
northam,87.0,CF,1612737320.0,27.0,4.3133,22.5552,19.91,0.68
zhezkazgan,94.0,MG,1612737322.0,90.0,-14.2667,50.1667,24.42,2.43
genhe,100.0,BR,1612737217.0,97.0,1.0,-52.0,22.92,1.68
cayenne,7.0,JP,1612737324.0,85.0,43.3236,145.575,-9.58,3.67
krasnoselkup,20.0,US,1612737326.0,86.0,40.2526,-75.6774,1.67,2.57
iqaluit,37.0,ID,1612737054.0,80.0,5.5577,95.3222,25.71,3.39
chumikan,100.0,NZ,1612737328.0,58.0,-46.1333,167.6833,19.02,2.99
sistranda,100.0,DK,1612737329.0,10.0,55.0321,11.8836,-0.56,13.3
hualmay,0.0,BR,1612737330.0,71.0,-32.035,-52.0986,20.87,4.41
khandyga,20.0,AR,1612737332.0,30.0,-34.6534,-58.6198,31.0,2.06
talcahuano,20.0,ES,1612737333.0,72.0,28.5004,-13.8627,16.0,3.6
severo-kurilsk,100.0,ID,1612737334.0,89.0,-8.1181,111.8935,23.95,3.47
mandalgovi,10.0,PE,1612737261.0,73.0,-4.5772,-81.2719,24.91,5.91
ituni,90.0,NO,1612737336.0,79.0,70.3705,31.1107,-6.0,8.23
makakilo city,82.0,RU,1612737337.0,80.0,52.5178,99.825,-17.0,0.76
puro,93.0,RU,1612737338.0,91.0,63.7898,74.523,-17.04,7.84
asfi,0.0,CA,1612737339.0,68.0,48.6499,-53.1147,-0.56,5.66
san luis,75.0,BR,1612737340.0,88.0,-22.9661,-42.0278,23.0,3.09
kruisfontein,20.0,JP,1612737342.0,72.0,26.1247,127.6694,16.0,2.57
ossora,25.0,SL,1612737343.0,84.0,7.5264,-12.505,26.21,2.55
tiznit,90.0,PE,1612737344.0,78.0,-13.7,-76.2167,24.0,4.12
kieta,0.0,CN,1612737345.0,86.0,42.1167,118.7833,-16.01,3.23
falmouth,9.0,MR,1612737301.0,27.0,18.0858,-15.9785,19.0,3.6
florianopolis,74.0,RU,1612737348.0,91.0,53.0194,39.1664,-19.51,4.25
parole,90.0,US,1612737349.0,61.0,48.0518,-122.1771,8.0,4.63
ouango,60.0,IS,1612737351.0,75.0,63.4427,-20.2734,3.69,10.5
sambava,2.0,RU,1612737353.0,93.0,57.8,158.6667,-3.67,9.41
amapa,27.0,GW,1612737354.0,68.0,11.2833,-15.8333,25.72,3.63
nemuro,1.0,US,1612737355.0,28.0,41.5875,-109.2029,3.0,12.35
sumbawa,20.0,IN,1612737356.0,88.0,8.4833,76.9167,25.0,2.8
stowe,100.0,IS,1612737357.0,89.0,64.2539,-15.2082,2.46,7.69
banda aceh,75.0,RU,1612737358.0,78.0,55.2677,37.8933,-14.0,5.0
tuatapere,100.0,TZ,1612737360.0,80.0,-7.9139,39.6668,27.8,6.27
neder vindinge,57.0,PH,1612737361.0,83.0,20.4487,121.9702,23.11,10.23
rio grande,100.0,PH,1612737362.0,95.0,7.9986,124.2928,23.33,1.04
moron,33.0,DO,1612737363.0,65.0,18.0384,-71.744,26.67,2.12
puerto del rosario,40.0,MA,1612737303.0,81.0,31.6315,-8.0083,10.0,1.03
boyolangu,75.0,JP,1612737366.0,84.0,43.7678,142.3703,-19.0,0.18
talara,100.0,PT,1612737214.0,91.0,39.8222,-7.4909,9.44,3.58
vardo,0.0,CL,1612737368.0,63.0,-29.9533,-71.3436,19.0,4.63
orlik,100.0,UA,1612737369.0,87.0,50.8343,25.4582,-10.0,4.92
muravlenko,100.0,CA,1612737370.0,59.0,49.6835,-83.6665,-21.0,4.63
bonavista,0.0,MR,1612737371.0,34.0,20.5022,-10.0711,14.81,4.27
arraial do cabo,0.0,CN,1612737372.0,89.0,37.4564,118.4856,-3.14,1.69
itoman,100.0,RU,1612737374.0,92.0,60.05,69.9,-16.25,5.42
bonthe,75.0,AU,1612737375.0,73.0,-28.3167,153.4,27.22,5.14
pisco,98.0,RU,1612737376.0,91.0,63.1994,75.4507,-17.24,8.84
mujiayingzi,100.0,RU,1612737117.0,88.0,54.4815,53.471,-21.2,6.39
nouakchott,0.0,IS,1612737379.0,69.0,64.0049,-22.5624,1.0,6.17
mergui,100.0,LY,1612737380.0,47.0,31.7561,25.0865,18.28,8.1
lebedyan,34.0,NC,1612737382.0,63.0,-20.5667,164.2833,28.2,2.31
marysville,37.0,TH,1612737383.0,91.0,12.5728,102.5371,22.3,0.41
afmadu,100.0,RU,1612737388.0,92.0,63.2842,118.3319,-18.67,2.97
vestmannaeyjar,0.0,BR,1612737389.0,80.0,-3.2778,-39.2689,26.75,4.01
tigil,0.0,RU,1612737390.0,77.0,68.0546,166.4372,-17.18,2.92
bubaque,38.0,RU,1612737391.0,89.0,52.1657,109.7726,-19.05,1.16
rock springs,100.0,RU,1612737195.0,92.0,61.95,159.2333,-9.64,16.11
thiruvananthapuram,40.0,GR,1612737393.0,88.0,35.5333,24.15,14.0,4.65
hofn,40.0,NO,1612737394.0,74.0,71.0357,27.8492,-4.0,14.4
barybino,75.0,HR,1612737098.0,100.0,42.6481,18.0922,14.0,7.72
stoyba,79.0,TZ,1612737398.0,72.0,-3.6167,33.8667,20.58,2.41
kilindoni,53.0,GH,1612737399.0,86.0,4.8699,-2.2405,26.67,3.54
basco,99.0,ID,1612737400.0,83.0,-0.8833,131.25,26.62,2.93
marawi,40.0,BR,1612737401.0,69.0,-8.0089,-34.8553,27.0,4.12
pedernales,29.0,AU,1612737402.0,88.0,-20.3167,118.5667,24.0,3.09
marrakesh,0.0,AE,1612737348.0,82.0,25.3573,55.4033,21.0,1.54
asahikawa,79.0,RU,1612737405.0,76.0,51.8971,113.1573,-27.0,0.65
castelo branco,0.0,IN,1612737406.0,82.0,22.8481,88.4553,15.0,1.54
coquimbo,100.0,NO,1612737322.0,90.0,70.0311,20.9714,-1.66,7.07
kivertsi,0.0,CL,1612737402.0,29.0,-45.5752,-72.0662,26.0,3.6
hearst,1.0,US,1612737410.0,42.0,38.421,-121.4238,19.44,1.53
adrar,40.0,CV,1612737411.0,64.0,14.9215,-23.5087,20.0,9.77
dongying,20.0,RU,1612737412.0,77.0,64.2956,41.9211,-24.0,1.0
gornopravdinsk,32.0,BR,1612737413.0,88.0,-3.3614,-42.4178,25.06,3.17
murwillumbah,100.0,CA,1612737414.0,76.0,55.4334,-116.4858,-26.0,1.03
noyabrsk,99.0,TZ,1612737415.0,80.0,-4.9667,39.8333,27.32,4.63
oktyabrskiy,17.0,AU,1612737417.0,33.0,-25.2406,130.9889,24.0,4.12
tidore,0.0,AR,1612737418.0,58.0,-26.8241,-65.2226,30.0,4.63
keflavik,90.0,RE,1612737420.0,69.0,-21.3667,55.6167,27.0,1.54
bardiyah,69.0,BR,1612737421.0,77.0,-10.4056,-36.4344,26.12,6.54
tumannyy,0.0,CL,1612737422.0,38.0,-28.5708,-70.7581,23.69,2.98
koumac,100.0,ID,1612737423.0,73.0,-0.9516,122.7875,26.51,0.83
bo rai,0.0,CN,1612737424.0,79.0,40.81,114.8794,-8.62,1.87
buqayq,100.0,RU,1612737425.0,92.0,67.4667,86.5833,-20.02,5.37
gulshat,0.0,LK,1612737427.0,100.0,6.1241,81.1185,24.0,3.09
khonuu,100.0,RU,1612737428.0,85.0,54.4333,113.6,-21.79,0.91
nyurba,20.0,MU,1612737429.0,74.0,-20.2078,57.7625,27.0,3.6
trairi,68.0,BR,1612737430.0,79.0,-10.1256,-36.1756,25.96,7.02
bilibino,81.0,CN,1612737431.0,87.0,21.4833,109.1,19.34,2.46
khorinsk,92.0,AO,1612737292.0,77.0,-15.1961,12.1522,22.58,2.26
evensk,72.0,AF,1612737434.0,40.0,34.4265,70.4515,12.41,0.32
mouzouras,2.0,CA,1612737435.0,71.0,47.5999,-53.2648,-1.11,5.81
mehamn,100.0,US,1612737220.0,93.0,41.3712,-73.414,-1.67,1.39
dubrovnik,40.0,ID,1612737438.0,100.0,-10.1667,123.5833,24.0,1.03
hihifo,40.0,BB,1612737439.0,65.0,13.25,-59.65,26.0,7.72
kishapu,75.0,US,1612737182.0,57.0,45.5234,-122.6762,9.44,5.66
axim,91.0,NZ,1612737442.0,88.0,-45.8742,170.5036,16.11,0.45
sorong,1.0,US,1612737443.0,73.0,61.5814,-149.4394,-8.33,0.66
olinda,75.0,DZ,1612737444.0,66.0,36.365,6.6147,9.0,4.12
port hedland,79.0,MY,1612737367.0,89.0,2.4312,103.8405,26.0,3.09
tambul,20.0,DO,1612737446.0,78.0,19.3832,-69.8474,27.0,2.06
sharjah,1.0,US,1612737447.0,40.0,28.017,-97.5169,23.0,7.2
domna,75.0,US,1612737449.0,73.0,58.3019,-134.4197,-6.0,1.54
sankarpur,75.0,US,1612737450.0,86.0,40.7834,-73.9662,0.56,1.54
skjervoy,12.0,IR,1612737448.0,34.0,29.106,58.357,14.25,4.37
coihaique,40.0,US,1612737429.0,65.0,39.0062,-77.4286,3.0,6.69
laguna,20.0,SA,1612737454.0,73.0,17.3333,42.6667,24.0,2.12
praia,20.0,ES,1612736819.0,81.0,41.3888,2.159,11.11,0.51
lukovetskiy,40.0,SA,1612737233.0,100.0,26.326,43.975,11.0,1.54
sao bernardo,54.0,VE,1612737457.0,42.0,9.6612,-68.5827,29.72,0.35
high prairie,40.0,IT,1612737458.0,87.0,42.4408,11.2196,11.0,2.06
micheweni,90.0,SK,1612737460.0,93.0,49.2098,19.3034,1.11,0.51
yulara,94.0,IS,1612737397.0,92.0,63.7533,-20.2243,-0.99,4.93
tucuman,96.0,RU,1612737462.0,83.0,66.0,111.5,-31.79,2.27
kachikau,24.0,SB,1612737463.0,70.0,-8.7676,160.7034,29.16,2.99
saint-joseph,99.0,ID,1612737418.0,93.0,-2.5833,115.3833,23.82,0.62
piacabucu,0.0,RU,1612737309.0,86.0,66.3167,-179.1667,-24.18,6.86
vallenar,20.0,BO,1612737466.0,58.0,-14.8333,-64.9,33.0,1.11
luwuk,100.0,RU,1612737467.0,89.0,66.0317,60.1659,-24.87,5.72
zhangjiakou,57.0,RU,1612737468.0,82.0,69.4058,86.1778,-32.75,5.83
igarka,72.0,SB,1612737469.0,76.0,-8.145,159.5921,29.05,3.86
hambantota,50.0,US,1612737430.0,65.0,33.5337,-82.1307,11.11,0.89
bagdarin,10.0,CA,1612737472.0,92.0,51.226,-58.6502,-5.86,7.27
quatre cocos,100.0,BR,1612737315.0,95.0,-6.2222,-57.7528,24.18,0.79
coruripe,87.0,NC,1612737474.0,99.0,-22.2833,166.5833,27.78,1.27
beihai,1.0,CL,1612737301.0,99.0,-32.8337,-70.5983,24.44,0.89
namibe,24.0,ET,1612737476.0,63.0,12.0333,39.0333,7.86,0.8
yunjinghong,59.0,RU,1612737477.0,94.0,56.2011,95.4611,-3.62,4.48
jalalabad,88.0,NC,1612737478.0,81.0,-22.6667,167.4833,25.3,2.4
bay roberts,20.0,MY,1612737242.0,94.0,6.0333,102.2833,24.0,0.92
bethel,0.0,MT,1612737481.0,72.0,35.8614,14.3822,16.0,12.86
kupang,87.0,ID,1612737483.0,95.0,-3.7508,103.6372,21.67,1.04
speightstown,0.0,NO,1612737484.0,50.0,62.5833,6.1333,-5.0,5.14
tubruq,82.0,BR,1612737485.0,84.0,-8.6636,-36.32,21.89,5.09
portland,0.0,RU,1612737486.0,78.0,67.8006,130.4114,-35.79,0.88
dunedin,20.0,PT,1612737454.0,77.0,37.7167,-25.4333,14.0,3.09
wasilla,0.0,NP,1612737488.0,51.0,26.9167,87.9167,10.37,2.5
constantine,100.0,RU,1612737489.0,89.0,66.8333,70.8333,-23.96,10.38
mersing,11.0,BF,1612737490.0,17.0,10.2992,-3.2508,26.82,2.04
nagua,40.0,VE,1612737491.0,70.0,10.4762,-66.5427,30.0,1.91
san patricio,75.0,NZ,1612737195.0,64.0,-41.4122,175.5153,21.11,9.77
juneau,91.0,PG,1612737494.0,74.0,-3.6667,152.4333,28.65,2.48
manhattan,75.0,RU,1612737495.0,81.0,43.7129,39.6049,9.0,4.0
bam,0.0,IQ,1612737496.0,70.0,34.6959,44.9661,11.99,0.4
halalo,1.0,CA,1612737497.0,70.0,49.1334,-102.9842,-24.0,4.63
sterling,0.0,SA,1612737269.0,47.0,18.3851,42.4509,13.0,4.12
jizan,0.0,RO,1612737500.0,70.0,45.9167,24.8,6.11,4.12
barcelona,0.0,BR,1612737501.0,55.0,-29.7831,-55.7919,24.24,3.03
buraydah,75.0,BR,1612737316.0,78.0,-15.8631,-38.8828,26.0,4.63
san carlos,100.0,MZ,1612737503.0,88.0,-16.1564,33.5867,24.34,1.93
orbetello,1.0,US,1612737504.0,84.0,64.5011,-165.4064,-18.33,1.54
dolny kubin,2.0,IN,1612737234.0,45.0,25.5198,90.2201,13.86,1.22
hvolsvollur,100.0,GF,1612737508.0,97.0,3.1655,-52.3158,22.6,1.33
aykhal,12.0,RU,1612737509.0,88.0,52.405,49.9583,-22.74,5.3
auki,41.0,RU,1612737510.0,93.0,54.4299,31.8996,-18.94,2.16
barabai,32.0,SD,1612737512.0,30.0,12.35,29.25,16.57,4.78
egvekinot,75.0,MZ,1612737513.0,89.0,-12.974,40.5178,27.0,2.06
trinidad,20.0,GL,1612737515.0,43.0,64.1835,-51.7216,-1.0,5.14
inta,1.0,US,1612737332.0,76.0,64.8378,-147.7164,-20.56,0.92
dudinka,0.0,GT,1612737518.0,48.0,14.1167,-89.9167,24.78,0.53
buala,83.0,NG,1612737519.0,16.0,12.4086,4.4914,25.17,4.97
evans,79.0,CN,1612737232.0,80.0,42.8,93.45,-1.66,0.49
saint-augustin,99.0,RU,1612737521.0,85.0,59.5667,150.8,-9.98,8.97
jacareacanga,77.0,AU,1612737522.0,70.0,-15.7667,128.7333,26.0,1.54
mont-dore,100.0,RU,1612737523.0,89.0,52.9041,56.3933,-23.1,4.94
los andes,90.0,FR,1612737524.0,87.0,46.4154,3.9054,4.0,2.06
lalibela,99.0,MZ,1612737525.0,85.0,-23.865,35.3833,26.0,3.78
filimonovo,53.0,CO,1612737526.0,72.0,9.3151,-75.2928,27.3,5.37
vao,1.0,US,1612737527.0,62.0,40.0931,-83.018,-8.33,3.6
peringat,56.0,MG,1612737529.0,93.0,-13.2,49.05,23.13,0.91
gorno-chuyskiy,100.0,GF,1612737530.0,96.0,4.25,-54.3833,23.18,1.39
dingli,98.0,RU,1612737531.0,90.0,51.8763,54.1938,-23.26,5.8
payo,1.0,US,1612737532.0,7.0,37.6775,-113.0619,13.0,3.6
roald,0.0,RU,1612737533.0,88.0,60.2622,37.9763,-26.07,2.61
lajedo,27.0,CU,1612737534.0,80.0,20.6569,-74.9403,25.48,1.78
batagay-alyta,75.0,AU,1612737448.0,94.0,-31.9333,115.8333,19.44,4.63
vila franca do campo,2.0,SO,1612737536.0,80.0,11.2842,49.1816,23.14,0.47
ilam,75.0,AU,1612737537.0,78.0,-23.5333,148.1667,28.89,3.09
yar-sale,75.0,BR,1612737385.0,78.0,-8.7619,-63.9039,28.0,2.57
gaoua,51.0,PG,1612737539.0,73.0,-2.5744,150.7967,29.07,4.15
guatire,0.0,AR,1612737541.0,42.0,-51.6226,-69.2181,19.0,9.26
waipawa,0.0,MX,1612737472.0,25.0,27.9769,-114.0611,23.09,5.71
namatanai,69.0,PL,1612737543.0,74.0,52.8649,21.1005,-12.22,7.86
gornoye loo,0.0,AU,1612737544.0,66.0,-34.6,138.7333,16.67,5.36
kifri,71.0,AU,1612737545.0,29.0,-23.7,133.8833,26.0,5.14
estevan,100.0,MZ,1612737546.0,95.0,-14.8031,36.5372,21.23,0.83
faya,100.0,AO,1612737547.0,89.0,-12.3833,16.9333,16.29,2.78
viligili,90.0,BR,1612737548.0,96.0,-0.1303,-67.0892,24.88,1.19
cincu,100.0,ZM,1612737550.0,95.0,-10.2621,29.9271,18.56,0.99
alegrete,95.0,CM,1612737552.0,31.0,4.4333,14.3667,21.25,0.86
belmonte,75.0,OM,1612737553.0,73.0,17.0151,54.0924,22.0,2.57
tete,0.0,RU,1612737554.0,84.0,69.7008,170.3133,-20.95,1.37
nome,19.0,ET,1612737555.0,82.0,9.35,42.8,14.04,4.49
tura,90.0,BR,1612737556.0,94.0,-20.3297,-40.2925,21.11,1.54
umzimvubu,68.0,PH,1612737557.0,85.0,13.3068,123.3425,24.73,2.54
camopi,15.0,RU,1612737558.0,94.0,53.7377,78.0403,-12.79,5.81
pestravka,100.0,VU,1612737411.0,73.0,-13.8833,167.55,27.24,2.67
sobolevo,0.0,MN,1612737560.0,85.0,49.0333,104.0833,-14.16,2.04
uk,59.0,RU,1612737562.0,84.0,50.5994,97.5228,-15.11,0.84
abu zabad,100.0,AT,1612737563.0,94.0,47.4833,10.7167,0.56,1.58
pemba,100.0,PG,1612737564.0,78.0,-2.6741,141.3028,27.03,2.09
dzhusaly,100.0,PH,1612737565.0,83.0,6.3711,126.1689,26.5,3.6
nuuk,90.0,US,1612737567.0,65.0,47.5002,-111.3008,-20.56,2.9
fairbanks,75.0,CR,1612737568.0,78.0,10.0,-83.0333,28.0,5.14
el calvario,40.0,BR,1612737366.0,61.0,2.8197,-60.6733,29.0,3.09
tari,0.0,ZA,1612736718.0,88.0,-29.8579,31.0292,25.0,0.51
hami,0.0,BR,1612737571.0,78.0,-2.9248,-39.9167,27.0,6.21
magadan,97.0,ID,1612737441.0,88.0,-8.345,113.6058,24.48,0.98
kununurra,91.0,CN,1612737573.0,64.0,26.5851,101.7128,8.89,0.93
yumaguzino,90.0,US,1612737575.0,79.0,42.2506,-75.833,-4.44,6.17
saint-francois,41.0,TG,1612737576.0,26.0,8.9833,1.1333,28.0,1.5
inhambane,20.0,DO,1612737311.0,74.0,18.4273,-68.9728,27.0,5.14
corozal,39.0,MU,1612737578.0,87.0,-20.0064,57.6608,24.44,0.89
worthington,98.0,CD,1612737579.0,95.0,-7.5667,24.1833,19.31,1.02
ambilobe,100.0,AU,1612737581.0,92.0,-33.3667,116.15,16.67,2.24
grand-santi,1.0,US,1612737401.0,31.0,27.5064,-99.5075,26.0,6.69
perevolotskiy,98.0,ES,1612737583.0,84.0,40.5765,-3.9266,8.33,3.58
cedar city,20.0,JP,1612737584.0,92.0,42.975,144.3747,-16.0,2.06
lipin bor,10.0,ER,1612737586.0,76.0,13.9297,41.6925,22.85,2.74
moa,75.0,MY,1612737587.0,94.0,4.75,115.0,25.0,1.03
perth,75.0,TZ,1612737588.0,94.0,-5.1667,32.35,20.0,0.86
bosaso,64.0,IR,1612737589.0,70.0,28.7519,54.5444,11.66,1.64
emerald,40.0,US,1612737590.0,42.0,39.8121,-121.5783,19.44,1.41
porto velho,0.0,BR,1612737591.0,73.0,-29.9847,-50.1336,21.35,2.98
kavieng,75.0,MX,1612737592.0,29.0,27.0833,-101.5333,24.0,2.06
rio gallegos,100.0,GA,1612737390.0,85.0,-3.432,10.6554,26.04,2.3
guerrero negro,100.0,CD,1612737594.0,99.0,-11.7667,27.2333,18.23,2.13
makow mazowiecki,100.0,IN,1612737537.0,88.0,13.2167,80.3167,22.0,1.03
gawler,100.0,CO,1612737528.0,92.0,3.8653,-67.9239,24.95,0.43
alice springs,100.0,RU,1612737598.0,90.0,46.4856,135.8833,-25.54,1.84
cuamba,100.0,RU,1612737599.0,85.0,63.4564,48.8989,-29.76,4.29
kuito,99.0,BR,1612737600.0,93.0,-8.8389,-69.2597,25.53,1.14
sao gabriel da cachoeira,20.0,CA,1612737601.0,63.0,50.2289,-99.4664,-27.0,7.72
carikar,38.0,KE,1612737602.0,66.0,-0.4536,39.6401,25.76,5.28
luwingu,0.0,BD,1612737603.0,54.0,20.8624,92.3058,18.0,5.96
batouri,100.0,DE,1612737394.0,84.0,51.9669,12.1396,-6.11,3.13
salalah,20.0,CR,1612737415.0,47.0,9.5201,-84.3225,29.0,7.72
pevek,0.0,CN,1612737606.0,78.0,41.9908,122.8253,-16.0,1.0
jijiga,20.0,GL,1612737608.0,28.0,60.9167,-46.05,3.0,19.03
vila velha,100.0,RU,1612737579.0,89.0,50.7214,136.6319,-18.01,0.17
buluang,1.0,CA,1612737611.0,56.0,54.7682,-101.865,-32.0,6.17
karasuk,87.0,CM,1612737612.0,29.0,6.5167,14.3,17.55,1.31
sola,99.0,CA,1612737613.0,89.0,54.0166,-124.0198,-15.51,0.59
erdenet,65.0,UG,1612737614.0,27.0,1.7389,33.1594,22.44,2.45
kungurtug,100.0,CN,1612737615.0,85.0,27.6881,111.4294,10.01,1.73
reutte,1.0,CA,1612737617.0,53.0,50.1001,-91.917,-25.0,5.14
vanimo,75.0,US,1612737571.0,93.0,38.8876,-76.5119,5.0,2.57
pundaguitan,40.0,AI,1612737619.0,73.0,18.217,-63.0578,27.0,5.66
dolbeau,20.0,PH,1612737350.0,83.0,14.35,121.0167,25.56,0.51
great falls,94.0,RU,1612737478.0,83.0,67.45,153.6833,-23.6,1.62
limon,100.0,TL,1612737430.0,100.0,-8.9266,125.4092,17.52,1.02
boa vista,97.0,PE,1612737623.0,68.0,-10.0681,-78.1522,23.54,4.31
durban,40.0,ID,1612737624.0,94.0,-3.6954,128.1814,25.0,3.09
itarema,75.0,CM,1612737625.0,100.0,4.0745,9.3699,27.0,1.03
ambulu,0.0,AR,1612737626.0,41.0,-31.2503,-61.4867,30.56,0.43
panzhihua,100.0,RU,1612737628.0,96.0,60.4667,166.1,-10.24,6.48
broome,82.0,NA,1612737629.0,31.0,-18.0607,13.84,21.31,3.16
sokode,69.0,CD,1612737631.0,87.0,-2.1667,16.2333,23.25,1.13
la romana,,,,,,,,
grand gaube,,,,,,,,
kaniama,,,,,,,,
tabiauea,,,,,,,,
collie,,,,,,,,
laredo,,,,,,,,
torrelodones,,,,,,,,
kushiro,,,,,,,,
edd,,,,,,,,
limbang,,,,,,,,
usoke,,,,,,,,
darab,,,,,,,,
magalia,,,,,,,,
tramandai,,,,,,,,
san buenaventura,,,,,,,,
mayumba,,,,,,,,
kipushi,,,,,,,,
kattivakkam,,,,,,,,
inirida,,,,,,,,
vostok,,,,,,,,
koslan,,,,,,,,
manoel urbano,,,,,,,,
neepawa,,,,,,,,
garissa,,,,,,,,
teknaf,,,,,,,,
bone,,,,,,,,
parrita,,,,,,,,
xinmin,,,,,,,,
narsaq,,,,,,,,
safaqis,,,,,,,,
solnechnyy,,,,,,,,
flin flon,,,,,,,,
meiganga,,,,,,,,
vanderhoof,,,,,,,,
kaberamaido,,,,,,,,
lengshuijiang,,,,,,,,
sioux lookout,,,,,,,,
mayo,,,,,,,,
the valley,,,,,,,,
san pedro,,,,,,,,
srednekolymsk,,,,,,,,
airai,,,,,,,,
huarmey,,,,,,,,
ambon,,,,,,,,
tiko,,,,,,,,
rafaela,,,,,,,,
tilichiki,,,,,,,,
opuwo,,,,,,,,
addi ugri,,,,,,,,
bolobo,,,,,,,,
